{"metadata":{"usedHelpers":[],"marked":[],"modules":{"imports":[],"exports":{"exported":[],"specifiers":[]}}},"options":{"filename":"/packages/accounts-base/client_main.js","filenameRelative":"/packages/accounts-base/client_main.js","env":{"development":{"plugins":[]}},"retainLines":false,"highlightCode":true,"suppressDeprecationMessages":false,"presets":[],"plugins":[[[],{"polyfill":false}],[[],null],[[],null],[[],{"allowTopLevelThis":true,"strict":false,"loose":true}],[[],null],[[],null],[[],null],[[],null],[[],null],[[],null],[[],null],[[],null],[[],null],[[],null],[[],null],[[],null],[[],null],[[],{"loose":true}],[[],{"loose":true}],[[],null],[[],{"loose":true}],[[],null],[[],null],[[],null],[[],null],[[],null],[[],null],[[],{"loose":true}],[[],null],[[],null],[[],null],[[],null],[[],null],[[],null],[[],null]],"ignore":[],"code":true,"metadata":true,"ast":false,"comments":true,"compact":false,"minified":false,"sourceMap":true,"sourceMaps":true,"sourceMapTarget":"/packages/accounts-base/client_main.js.map","sourceFileName":"/packages/accounts-base/client_main.js","babelrc":false,"sourceType":"module","moduleIds":false,"passPerPreset":false,"parserOpts":false,"generatorOpts":false,"basename":"client_main"},"ignored":false,"code":"module.export({\n  AccountsClient: function () {\n    return AccountsClient;\n  },\n  AccountsTest: function () {\n    return AccountsTest;\n  }\n});\nvar AccountsClient = void 0;\nmodule.import(\"./accounts_client.js\", {\n  \"AccountsClient\": function (v) {\n    AccountsClient = v;\n  }\n}, 0);\nvar AccountsTest = void 0;\nmodule.import(\"./url_client.js\", {\n  \"AccountsTest\": function (v) {\n    AccountsTest = v;\n  }\n}, 1);\nmodule.import(\"./localstorage_token.js\");\n/**\n * @namespace Accounts\n * @summary The namespace for all client-side accounts-related methods.\n */Accounts = new AccountsClient(); /**\n                                     * @summary A [Mongo.Collection](#collections) containing user documents.\n                                     * @locus Anywhere\n                                     * @type {Mongo.Collection}\n                                     * @importFromPackage meteor\n                                     */\nMeteor.users = Accounts.users;","ast":null,"map":{"version":3,"sources":["/packages/accounts-base/client_main.js"],"names":["module","export","AccountsClient","AccountsTest","import","v","Accounts","Meteor","users"],"mappings":"AAAAA,OAAOC,MAAP,CAAc;AAACC,kBAAe,YAAU;AAAC,WAAOA,cAAP;AAAsB,GAAjD;AAAkDC,gBAAa,YAAU;AAAC,WAAOA,YAAP;AAAoB;AAA9F,CAAd;AAA+G,IAAID,uBAAJ;AAAmBF,OAAOI,MAAP,CAAc,sBAAd,EAAqC;AAAC,oBAAiB,UAASC,CAAT,EAAW;AAACH,qBAAeG,CAAf;AAAiB;AAA/C,CAArC,EAAsF,CAAtF;AAAyF,IAAIF,qBAAJ;AAAiBH,OAAOI,MAAP,CAAc,iBAAd,EAAgC;AAAC,kBAAe,UAASC,CAAT,EAAW;AAACF,mBAAaE,CAAb;AAAe;AAA3C,CAAhC,EAA6E,CAA7E;AAAgFL,OAAOI,MAAP,CAAc,yBAAd;AAI5T;;;GAIAE,WAAW,IAAIJ,cAAJ,EAAX,C,CAEA;;;;;;AAMAK,OAAOC,KAAP,GAAeF,SAASE,KAAxB","file":"/packages/accounts-base/client_main.js.map","sourcesContent":["import {AccountsClient} from \"./accounts_client.js\";\nimport {AccountsTest} from \"./url_client.js\";\nimport \"./localstorage_token.js\";\n\n/**\n * @namespace Accounts\n * @summary The namespace for all client-side accounts-related methods.\n */\nAccounts = new AccountsClient();\n\n/**\n * @summary A [Mongo.Collection](#collections) containing user documents.\n * @locus Anywhere\n * @type {Mongo.Collection}\n * @importFromPackage meteor\n */\nMeteor.users = Accounts.users;\n\nexport {\n  // Since this file is the main module for the client version of the\n  // accounts-base package, properties of non-entry-point modules need to\n  // be re-exported in order to be accessible to modules that import the\n  // accounts-base package.\n  AccountsClient,\n  AccountsTest,\n};\n"]},"hash":"54880d49d7d7ed768f175ea9e7271abe88bd21fb"}
