{"metadata":{"usedHelpers":[],"marked":[],"modules":{"imports":[],"exports":{"exported":[],"specifiers":[]}}},"options":{"filename":"/packages/accounts-password/email_tests.js","filenameRelative":"/packages/accounts-password/email_tests.js","env":{"development":{"plugins":[]}},"retainLines":false,"highlightCode":true,"suppressDeprecationMessages":false,"presets":[],"plugins":[[[],{"polyfill":false}],[[],null],[[],null],[[],{"allowTopLevelThis":true,"strict":false,"loose":true}],[[],null],[[],null],[[],null],[[],null],[[],null],[[],null],[[],null],[[],null],[[],null],[[],null],[[],null],[[],null],[[],null],[[],{"loose":true}],[[],{"loose":true}],[[],null],[[],{"loose":true}],[[],null],[[],null],[[],null],[[],null],[[],null],[[],null],[[],{"loose":true}],[[],null],[[],null],[[],null],[[],null],[[],null],[[],null],[[],null]],"ignore":[],"code":true,"metadata":true,"ast":false,"comments":true,"compact":false,"minified":false,"sourceMap":true,"sourceMaps":true,"sourceMapTarget":"/packages/accounts-password/email_tests.js.map","sourceFileName":"/packages/accounts-password/email_tests.js","babelrc":false,"sourceType":"module","moduleIds":false,"passPerPreset":false,"parserOpts":false,"generatorOpts":false,"basename":"email_tests"},"ignored":false,"code":"var resetPasswordToken;\nvar verifyEmailToken;\nvar enrollAccountToken;\n\nAccounts._isolateLoginTokenForTest();\n\nif (Meteor.isServer) {\n  Accounts.removeDefaultRateLimit();\n}\n\ntestAsyncMulti(\"accounts emails - reset password flow\", [function (test, expect) {\n  var _this = this;\n\n  this.randomSuffix = Random.id();\n  this.email = \"Ada-intercept@example.com\" + this.randomSuffix; // Create the user with another email and add the tested for email later,\n  // so we can test whether forgotPassword respects the passed in email\n\n  Accounts.createUser({\n    email: \"another@example.com\" + this.randomSuffix,\n    password: 'foobar'\n  }, expect(function (error) {\n    test.equal(error, undefined);\n    Meteor.call(\"addEmailForTestAndVerify\", _this.email);\n  }));\n}, function (test, expect) {\n  Accounts.forgotPassword({\n    email: this.email\n  }, expect(function (error) {\n    test.equal(error, undefined);\n  }));\n}, function (test, expect) {\n  Accounts.connection.call(\"getInterceptedEmails\", this.email, expect(function (error, result) {\n    test.equal(error, undefined);\n    test.notEqual(result, undefined);\n    test.equal(result.length, 2); // the first is the email verification\n\n    var options = result[1];\n    var re = new RegExp(Meteor.absoluteUrl() + \"#/reset-password/(\\\\S*)\");\n    var match = options.text.match(re);\n    test.isTrue(match);\n    resetPasswordToken = match[1];\n    test.isTrue(options.html.match(re));\n    test.equal(options.from, 'test@meteor.com');\n    test.equal(options.headers['My-Custom-Header'], 'Cool');\n  }));\n}, function (test, expect) {\n  Accounts.resetPassword(resetPasswordToken, \"newPassword\", expect(function (error) {\n    test.isFalse(error);\n  }));\n}, function (test, expect) {\n  Meteor.logout(expect(function (error) {\n    test.equal(error, undefined);\n    test.equal(Meteor.user(), null);\n  }));\n}, function (test, expect) {\n  Meteor.loginWithPassword({\n    email: this.email\n  }, \"newPassword\", expect(function (error) {\n    test.isFalse(error);\n  }));\n}, function (test, expect) {\n  Meteor.logout(expect(function (error) {\n    test.equal(error, undefined);\n    test.equal(Meteor.user(), null);\n  }));\n}]);\ntestAsyncMulti(\"accounts emails - reset password flow with case insensitive email\", [function (test, expect) {\n  var _this2 = this;\n\n  this.randomSuffix = Random.id();\n  this.email = \"Ada-intercept@example.com\" + this.randomSuffix; // Create the user with another email and add the tested for email later,\n  // so we can test whether forgotPassword respects the passed in email\n\n  Accounts.createUser({\n    email: \"another@example.com\" + this.randomSuffix,\n    password: 'foobar'\n  }, expect(function (error) {\n    test.equal(error, undefined);\n    Meteor.call(\"addEmailForTestAndVerify\", _this2.email);\n  }));\n}, function (test, expect) {\n  Accounts.forgotPassword({\n    email: \"ada-intercept@example.com\" + this.randomSuffix\n  }, expect(function (error) {\n    test.equal(error, undefined);\n  }));\n}, function (test, expect) {\n  Accounts.connection.call(\"getInterceptedEmails\", this.email, expect(function (error, result) {\n    test.equal(error, undefined);\n    test.notEqual(result, undefined);\n    test.equal(result.length, 2); // the first is the email verification\n\n    var options = result[1];\n    var re = new RegExp(Meteor.absoluteUrl() + \"#/reset-password/(\\\\S*)\");\n    var match = options.text.match(re);\n    test.isTrue(match);\n    resetPasswordToken = match[1];\n    test.isTrue(options.html.match(re));\n    test.equal(options.from, 'test@meteor.com');\n    test.equal(options.headers['My-Custom-Header'], 'Cool');\n  }));\n}, function (test, expect) {\n  Accounts.resetPassword(resetPasswordToken, \"newPassword\", expect(function (error) {\n    test.isFalse(error);\n  }));\n}, function (test, expect) {\n  Meteor.logout(expect(function (error) {\n    test.equal(error, undefined);\n    test.equal(Meteor.user(), null);\n  }));\n}, function (test, expect) {\n  Meteor.loginWithPassword({\n    email: this.email\n  }, \"newPassword\", expect(function (error) {\n    test.isFalse(error);\n  }));\n}, function (test, expect) {\n  Meteor.logout(expect(function (error) {\n    test.equal(error, undefined);\n    test.equal(Meteor.user(), null);\n  }));\n}]);\n\nvar getVerifyEmailToken = function (email, test, expect) {\n  Accounts.connection.call(\"getInterceptedEmails\", email, expect(function (error, result) {\n    test.equal(error, undefined);\n    test.notEqual(result, undefined);\n    test.equal(result.length, 1);\n    var options = result[0];\n    var re = new RegExp(Meteor.absoluteUrl() + \"#/verify-email/(\\\\S*)\");\n    var match = options.text.match(re);\n    test.isTrue(match);\n    verifyEmailToken = match[1];\n    test.isTrue(options.html.match(re));\n    test.equal(options.from, 'test@meteor.com');\n    test.equal(options.headers['My-Custom-Header'], 'Cool');\n  }));\n};\n\nvar loggedIn = function (test, expect) {\n  return expect(function (error) {\n    test.equal(error, undefined);\n    test.isTrue(Meteor.user());\n  });\n};\n\ntestAsyncMulti(\"accounts emails - verify email flow\", [function (test, expect) {\n  this.email = Random.id() + \"-intercept@example.com\";\n  this.anotherEmail = Random.id() + \"-intercept@example.com\";\n  Accounts.createUser({\n    email: this.email,\n    password: 'foobar'\n  }, loggedIn(test, expect));\n}, function (test, expect) {\n  test.equal(Meteor.user().emails.length, 1);\n  test.equal(Meteor.user().emails[0].address, this.email);\n  test.isFalse(Meteor.user().emails[0].verified); // We should NOT be publishing things like verification tokens!\n\n  test.isFalse(_.has(Meteor.user(), 'services'));\n}, function (test, expect) {\n  getVerifyEmailToken(this.email, test, expect);\n}, function (test, expect) {\n  // Log out, to test that verifyEmail logs us back in.\n  Meteor.logout(expect(function (error) {\n    test.equal(error, undefined);\n    test.equal(Meteor.user(), null);\n  }));\n}, function (test, expect) {\n  Accounts.verifyEmail(verifyEmailToken, loggedIn(test, expect));\n}, function (test, expect) {\n  test.equal(Meteor.user().emails.length, 1);\n  test.equal(Meteor.user().emails[0].address, this.email);\n  test.isTrue(Meteor.user().emails[0].verified);\n}, function (test, expect) {\n  var _this3 = this;\n\n  Accounts.connection.call(\"addEmailForTestAndVerify\", this.anotherEmail, expect(function (error, result) {\n    test.isFalse(error);\n    test.equal(Meteor.user().emails.length, 2);\n    test.equal(Meteor.user().emails[1].address, _this3.anotherEmail);\n    test.isFalse(Meteor.user().emails[1].verified);\n  }));\n}, function (test, expect) {\n  getVerifyEmailToken(this.anotherEmail, test, expect);\n}, function (test, expect) {\n  // Log out, to test that verifyEmail logs us back in. (And if we don't\n  // do that, waitUntilLoggedIn won't be able to prevent race conditions.)\n  Meteor.logout(expect(function (error) {\n    test.equal(error, undefined);\n    test.equal(Meteor.user(), null);\n  }));\n}, function (test, expect) {\n  Accounts.verifyEmail(verifyEmailToken, loggedIn(test, expect));\n}, function (test, expect) {\n  test.equal(Meteor.user().emails[1].address, this.anotherEmail);\n  test.isTrue(Meteor.user().emails[1].verified);\n}, function (test, expect) {\n  Meteor.logout(expect(function (error) {\n    test.equal(error, undefined);\n    test.equal(Meteor.user(), null);\n  }));\n}]);\n\nvar getEnrollAccountToken = function (email, test, expect) {\n  Accounts.connection.call(\"getInterceptedEmails\", email, expect(function (error, result) {\n    test.equal(error, undefined);\n    test.notEqual(result, undefined);\n    test.equal(result.length, 1);\n    var options = result[0];\n    var re = new RegExp(Meteor.absoluteUrl() + \"#/enroll-account/(\\\\S*)\");\n    var match = options.text.match(re);\n    test.isTrue(match);\n    enrollAccountToken = match[1];\n    test.isTrue(options.html.match(re));\n    test.equal(options.from, 'test@meteor.com');\n    test.equal(options.headers['My-Custom-Header'], 'Cool');\n  }));\n};\n\ntestAsyncMulti(\"accounts emails - enroll account flow\", [function (test, expect) {\n  var _this4 = this;\n\n  this.email = Random.id() + \"-intercept@example.com\";\n  Accounts.connection.call(\"createUserOnServer\", this.email, expect(function (error, result) {\n    test.isFalse(error);\n    var user = result;\n    test.equal(user.emails.length, 1);\n    test.equal(user.emails[0].address, _this4.email);\n    test.isFalse(user.emails[0].verified);\n  }));\n}, function (test, expect) {\n  getEnrollAccountToken(this.email, test, expect);\n}, function (test, expect) {\n  Accounts.resetPassword(enrollAccountToken, 'password', loggedIn(test, expect));\n}, function (test, expect) {\n  test.equal(Meteor.user().emails.length, 1);\n  test.equal(Meteor.user().emails[0].address, this.email);\n  test.isTrue(Meteor.user().emails[0].verified);\n}, function (test, expect) {\n  Meteor.logout(expect(function (error) {\n    test.equal(error, undefined);\n    test.equal(Meteor.user(), null);\n  }));\n}, function (test, expect) {\n  Meteor.loginWithPassword({\n    email: this.email\n  }, 'password', loggedIn(test, expect));\n}, function (test, expect) {\n  test.equal(Meteor.user().emails.length, 1);\n  test.equal(Meteor.user().emails[0].address, this.email);\n  test.isTrue(Meteor.user().emails[0].verified);\n}, function (test, expect) {\n  Meteor.logout(expect(function (error) {\n    test.equal(error, undefined);\n    test.equal(Meteor.user(), null);\n  }));\n}]);","ast":null,"map":{"version":3,"sources":["/packages/accounts-password/email_tests.js"],"names":["resetPasswordToken","verifyEmailToken","enrollAccountToken","Accounts","_isolateLoginTokenForTest","Meteor","isServer","removeDefaultRateLimit","testAsyncMulti","test","expect","randomSuffix","Random","id","email","createUser","password","error","equal","undefined","call","forgotPassword","connection","result","notEqual","length","options","re","RegExp","absoluteUrl","match","text","isTrue","html","from","headers","resetPassword","isFalse","logout","user","loginWithPassword","getVerifyEmailToken","loggedIn","anotherEmail","emails","address","verified","_","has","verifyEmail","getEnrollAccountToken"],"mappings":"AAAA,IAAIA,kBAAJ;AACA,IAAIC,gBAAJ;AACA,IAAIC,kBAAJ;;AAEAC,SAASC,yBAAT;;AAEA,IAAIC,OAAOC,QAAX,EAAqB;AACnBH,WAASI,sBAAT;AACD;;AAEDC,eAAe,uCAAf,EAAwD,CACtD,UAAUC,IAAV,EAAgBC,MAAhB,EAAwB;AAAA;;AACtB,OAAKC,YAAL,GAAoBC,OAAOC,EAAP,EAApB;AACA,OAAKC,KAAL,GAAa,8BAA8B,KAAKH,YAAhD,CAFsB,CAGtB;AACA;;AACAR,WAASY,UAAT,CAAoB;AAACD,WAAO,wBAAwB,KAAKH,YAArC;AAAmDK,cAAU;AAA7D,GAApB,EACEN,OAAO,UAACO,KAAD,EAAW;AAChBR,SAAKS,KAAL,CAAWD,KAAX,EAAkBE,SAAlB;AACAd,WAAOe,IAAP,CAAY,0BAAZ,EAAwC,MAAKN,KAA7C;AACD,GAHD,CADF;AAKD,CAXqD,EAYtD,UAAUL,IAAV,EAAgBC,MAAhB,EAAwB;AACtBP,WAASkB,cAAT,CAAwB;AAACP,WAAO,KAAKA;AAAb,GAAxB,EAA6CJ,OAAO,UAACO,KAAD,EAAW;AAC7DR,SAAKS,KAAL,CAAWD,KAAX,EAAkBE,SAAlB;AACD,GAF4C,CAA7C;AAGD,CAhBqD,EAiBtD,UAAUV,IAAV,EAAgBC,MAAhB,EAAwB;AACtBP,WAASmB,UAAT,CAAoBF,IAApB,CACE,sBADF,EAC0B,KAAKN,KAD/B,EACsCJ,OAAO,UAACO,KAAD,EAAQM,MAAR,EAAmB;AAC5Dd,SAAKS,KAAL,CAAWD,KAAX,EAAkBE,SAAlB;AACAV,SAAKe,QAAL,CAAcD,MAAd,EAAsBJ,SAAtB;AACAV,SAAKS,KAAL,CAAWK,OAAOE,MAAlB,EAA0B,CAA1B,EAH4D,CAG9B;;AAC9B,QAAIC,UAAUH,OAAO,CAAP,CAAd;AAEA,QAAII,KAAK,IAAIC,MAAJ,CAAWvB,OAAOwB,WAAP,KAAuB,yBAAlC,CAAT;AACA,QAAIC,QAAQJ,QAAQK,IAAR,CAAaD,KAAb,CAAmBH,EAAnB,CAAZ;AACAlB,SAAKuB,MAAL,CAAYF,KAAZ;AACA9B,yBAAqB8B,MAAM,CAAN,CAArB;AACArB,SAAKuB,MAAL,CAAYN,QAAQO,IAAR,CAAaH,KAAb,CAAmBH,EAAnB,CAAZ;AAEAlB,SAAKS,KAAL,CAAWQ,QAAQQ,IAAnB,EAAyB,iBAAzB;AACAzB,SAAKS,KAAL,CAAWQ,QAAQS,OAAR,CAAgB,kBAAhB,CAAX,EAAgD,MAAhD;AACD,GAdmC,CADtC;AAgBD,CAlCqD,EAmCtD,UAAU1B,IAAV,EAAgBC,MAAhB,EAAwB;AACtBP,WAASiC,aAAT,CAAuBpC,kBAAvB,EAA2C,aAA3C,EAA0DU,OAAO,UAACO,KAAD,EAAW;AAC1ER,SAAK4B,OAAL,CAAapB,KAAb;AACD,GAFyD,CAA1D;AAGD,CAvCqD,EAwCtD,UAAUR,IAAV,EAAgBC,MAAhB,EAAwB;AACtBL,SAAOiC,MAAP,CAAc5B,OAAO,UAACO,KAAD,EAAW;AAC9BR,SAAKS,KAAL,CAAWD,KAAX,EAAkBE,SAAlB;AACAV,SAAKS,KAAL,CAAWb,OAAOkC,IAAP,EAAX,EAA0B,IAA1B;AACD,GAHa,CAAd;AAID,CA7CqD,EA8CtD,UAAU9B,IAAV,EAAgBC,MAAhB,EAAwB;AACtBL,SAAOmC,iBAAP,CACE;AAAC1B,WAAO,KAAKA;AAAb,GADF,EACuB,aADvB,EAEEJ,OAAO,UAACO,KAAD,EAAW;AAChBR,SAAK4B,OAAL,CAAapB,KAAb;AACD,GAFD,CAFF;AAKD,CApDqD,EAqDtD,UAAUR,IAAV,EAAgBC,MAAhB,EAAwB;AACtBL,SAAOiC,MAAP,CAAc5B,OAAO,UAACO,KAAD,EAAW;AAC9BR,SAAKS,KAAL,CAAWD,KAAX,EAAkBE,SAAlB;AACAV,SAAKS,KAAL,CAAWb,OAAOkC,IAAP,EAAX,EAA0B,IAA1B;AACD,GAHa,CAAd;AAID,CA1DqD,CAAxD;AA6DA/B,oFACkD,CAChD,UAAUC,IAAV,EAAgBC,MAAhB,EAAwB;AAAA;;AACtB,OAAKC,YAAL,GAAoBC,OAAOC,EAAP,EAApB;AACA,OAAKC,KAAL,GAAa,8BAA8B,KAAKH,YAAhD,CAFsB,CAGtB;AACA;;AACAR,WAASY,UAAT,CAAoB;AAACD,WAAO,wBAAwB,KAAKH,YAArC;AAAmDK,cAAU;AAA7D,GAApB,EACEN,OAAO,UAACO,KAAD,EAAW;AAChBR,SAAKS,KAAL,CAAWD,KAAX,EAAkBE,SAAlB;AACAd,WAAOe,IAAP,CAAY,0BAAZ,EAAwC,OAAKN,KAA7C;AACD,GAHD,CADF;AAKD,CAX+C,EAYhD,UAAUL,IAAV,EAAgBC,MAAhB,EAAwB;AACtBP,WAASkB,cAAT,CAAwB;AAACP,WAAO,8BAA8B,KAAKH;AAA3C,GAAxB,EAAkFD,OAAO,UAACO,KAAD,EAAW;AAClGR,SAAKS,KAAL,CAAWD,KAAX,EAAkBE,SAAlB;AACD,GAFiF,CAAlF;AAGD,CAhB+C,EAiBhD,UAAUV,IAAV,EAAgBC,MAAhB,EAAwB;AACtBP,WAASmB,UAAT,CAAoBF,IAApB,CACE,sBADF,EAC0B,KAAKN,KAD/B,EACsCJ,OAAO,UAACO,KAAD,EAAQM,MAAR,EAAmB;AAC5Dd,SAAKS,KAAL,CAAWD,KAAX,EAAkBE,SAAlB;AACAV,SAAKe,QAAL,CAAcD,MAAd,EAAsBJ,SAAtB;AACAV,SAAKS,KAAL,CAAWK,OAAOE,MAAlB,EAA0B,CAA1B,EAH4D,CAG9B;;AAC9B,QAAIC,UAAUH,OAAO,CAAP,CAAd;AAEA,QAAII,KAAK,IAAIC,MAAJ,CAAWvB,OAAOwB,WAAP,KAAuB,yBAAlC,CAAT;AACA,QAAIC,QAAQJ,QAAQK,IAAR,CAAaD,KAAb,CAAmBH,EAAnB,CAAZ;AACAlB,SAAKuB,MAAL,CAAYF,KAAZ;AACA9B,yBAAqB8B,MAAM,CAAN,CAArB;AACArB,SAAKuB,MAAL,CAAYN,QAAQO,IAAR,CAAaH,KAAb,CAAmBH,EAAnB,CAAZ;AAEAlB,SAAKS,KAAL,CAAWQ,QAAQQ,IAAnB,EAAyB,iBAAzB;AACAzB,SAAKS,KAAL,CAAWQ,QAAQS,OAAR,CAAgB,kBAAhB,CAAX,EAAgD,MAAhD;AACD,GAdmC,CADtC;AAgBD,CAlC+C,EAmChD,UAAU1B,IAAV,EAAgBC,MAAhB,EAAwB;AACtBP,WAASiC,aAAT,CAAuBpC,kBAAvB,EAA2C,aAA3C,EAA0DU,OAAO,UAACO,KAAD,EAAW;AAC1ER,SAAK4B,OAAL,CAAapB,KAAb;AACD,GAFyD,CAA1D;AAGD,CAvC+C,EAwChD,UAAUR,IAAV,EAAgBC,MAAhB,EAAwB;AACtBL,SAAOiC,MAAP,CAAc5B,OAAO,UAACO,KAAD,EAAW;AAC9BR,SAAKS,KAAL,CAAWD,KAAX,EAAkBE,SAAlB;AACAV,SAAKS,KAAL,CAAWb,OAAOkC,IAAP,EAAX,EAA0B,IAA1B;AACD,GAHa,CAAd;AAID,CA7C+C,EA8ChD,UAAU9B,IAAV,EAAgBC,MAAhB,EAAwB;AACtBL,SAAOmC,iBAAP,CACE;AAAC1B,WAAO,KAAKA;AAAb,GADF,EACuB,aADvB,EAEEJ,OAAO,UAACO,KAAD,EAAW;AAChBR,SAAK4B,OAAL,CAAapB,KAAb;AACD,GAFD,CAFF;AAKD,CApD+C,EAqDhD,UAAUR,IAAV,EAAgBC,MAAhB,EAAwB;AACtBL,SAAOiC,MAAP,CAAc5B,OAAO,UAACO,KAAD,EAAW;AAC9BR,SAAKS,KAAL,CAAWD,KAAX,EAAkBE,SAAlB;AACAV,SAAKS,KAAL,CAAWb,OAAOkC,IAAP,EAAX,EAA0B,IAA1B;AACD,GAHa,CAAd;AAID,CA1D+C,CADlD;;AA8DA,IAAIE,sBAAsB,UAAU3B,KAAV,EAAiBL,IAAjB,EAAuBC,MAAvB,EAA+B;AACvDP,WAASmB,UAAT,CAAoBF,IAApB,CACE,sBADF,EAC0BN,KAD1B,EACiCJ,OAAO,UAACO,KAAD,EAAQM,MAAR,EAAmB;AACvDd,SAAKS,KAAL,CAAWD,KAAX,EAAkBE,SAAlB;AACAV,SAAKe,QAAL,CAAcD,MAAd,EAAsBJ,SAAtB;AACAV,SAAKS,KAAL,CAAWK,OAAOE,MAAlB,EAA0B,CAA1B;AACA,QAAIC,UAAUH,OAAO,CAAP,CAAd;AAEA,QAAII,KAAK,IAAIC,MAAJ,CAAWvB,OAAOwB,WAAP,KAAuB,uBAAlC,CAAT;AACA,QAAIC,QAAQJ,QAAQK,IAAR,CAAaD,KAAb,CAAmBH,EAAnB,CAAZ;AACAlB,SAAKuB,MAAL,CAAYF,KAAZ;AACA7B,uBAAmB6B,MAAM,CAAN,CAAnB;AACArB,SAAKuB,MAAL,CAAYN,QAAQO,IAAR,CAAaH,KAAb,CAAmBH,EAAnB,CAAZ;AAEAlB,SAAKS,KAAL,CAAWQ,QAAQQ,IAAnB,EAAyB,iBAAzB;AACAzB,SAAKS,KAAL,CAAWQ,QAAQS,OAAR,CAAgB,kBAAhB,CAAX,EAAgD,MAAhD;AACD,GAd8B,CADjC;AAgBD,CAjBD;;AAmBA,IAAIO,WAAW,UAAUjC,IAAV,EAAgBC,MAAhB,EAAwB;AACrC,SAAOA,OAAO,UAACO,KAAD,EAAW;AACvBR,SAAKS,KAAL,CAAWD,KAAX,EAAkBE,SAAlB;AACAV,SAAKuB,MAAL,CAAY3B,OAAOkC,IAAP,EAAZ;AACD,GAHM,CAAP;AAID,CALD;;AAOA/B,eAAe,qCAAf,EAAsD,CACpD,UAAUC,IAAV,EAAgBC,MAAhB,EAAwB;AACtB,OAAKI,KAAL,GAAaF,OAAOC,EAAP,KAAc,wBAA3B;AACA,OAAK8B,YAAL,GAAoB/B,OAAOC,EAAP,KAAc,wBAAlC;AACAV,WAASY,UAAT,CACE;AAACD,WAAO,KAAKA,KAAb;AAAoBE,cAAU;AAA9B,GADF,EAEE0B,SAASjC,IAAT,EAAeC,MAAf,CAFF;AAGD,CAPmD,EAQpD,UAAUD,IAAV,EAAgBC,MAAhB,EAAwB;AACtBD,OAAKS,KAAL,CAAWb,OAAOkC,IAAP,GAAcK,MAAd,CAAqBnB,MAAhC,EAAwC,CAAxC;AACAhB,OAAKS,KAAL,CAAWb,OAAOkC,IAAP,GAAcK,MAAd,CAAqB,CAArB,EAAwBC,OAAnC,EAA4C,KAAK/B,KAAjD;AACAL,OAAK4B,OAAL,CAAahC,OAAOkC,IAAP,GAAcK,MAAd,CAAqB,CAArB,EAAwBE,QAArC,EAHsB,CAItB;;AACArC,OAAK4B,OAAL,CAAaU,EAAEC,GAAF,CAAM3C,OAAOkC,IAAP,EAAN,EAAqB,UAArB,CAAb;AACD,CAdmD,EAepD,UAAU9B,IAAV,EAAgBC,MAAhB,EAAwB;AACtB+B,sBAAoB,KAAK3B,KAAzB,EAAgCL,IAAhC,EAAsCC,MAAtC;AACD,CAjBmD,EAkBpD,UAAUD,IAAV,EAAgBC,MAAhB,EAAwB;AACtB;AACAL,SAAOiC,MAAP,CAAc5B,OAAO,UAACO,KAAD,EAAW;AAC9BR,SAAKS,KAAL,CAAWD,KAAX,EAAkBE,SAAlB;AACAV,SAAKS,KAAL,CAAWb,OAAOkC,IAAP,EAAX,EAA0B,IAA1B;AACD,GAHa,CAAd;AAID,CAxBmD,EAyBpD,UAAU9B,IAAV,EAAgBC,MAAhB,EAAwB;AACtBP,WAAS8C,WAAT,CAAqBhD,gBAArB,EACqByC,SAASjC,IAAT,EAAeC,MAAf,CADrB;AAED,CA5BmD,EA6BpD,UAAUD,IAAV,EAAgBC,MAAhB,EAAwB;AACtBD,OAAKS,KAAL,CAAWb,OAAOkC,IAAP,GAAcK,MAAd,CAAqBnB,MAAhC,EAAwC,CAAxC;AACAhB,OAAKS,KAAL,CAAWb,OAAOkC,IAAP,GAAcK,MAAd,CAAqB,CAArB,EAAwBC,OAAnC,EAA4C,KAAK/B,KAAjD;AACAL,OAAKuB,MAAL,CAAY3B,OAAOkC,IAAP,GAAcK,MAAd,CAAqB,CAArB,EAAwBE,QAApC;AACD,CAjCmD,EAkCpD,UAAUrC,IAAV,EAAgBC,MAAhB,EAAwB;AAAA;;AACtBP,WAASmB,UAAT,CAAoBF,IAApB,CACE,0BADF,EAC8B,KAAKuB,YADnC,EAEEjC,OAAO,UAACO,KAAD,EAAQM,MAAR,EAAmB;AACxBd,SAAK4B,OAAL,CAAapB,KAAb;AACAR,SAAKS,KAAL,CAAWb,OAAOkC,IAAP,GAAcK,MAAd,CAAqBnB,MAAhC,EAAwC,CAAxC;AACAhB,SAAKS,KAAL,CAAWb,OAAOkC,IAAP,GAAcK,MAAd,CAAqB,CAArB,EAAwBC,OAAnC,EAA4C,OAAKF,YAAjD;AACAlC,SAAK4B,OAAL,CAAahC,OAAOkC,IAAP,GAAcK,MAAd,CAAqB,CAArB,EAAwBE,QAArC;AACD,GALD,CAFF;AAQD,CA3CmD,EA4CpD,UAAUrC,IAAV,EAAgBC,MAAhB,EAAwB;AACtB+B,sBAAoB,KAAKE,YAAzB,EAAuClC,IAAvC,EAA6CC,MAA7C;AACD,CA9CmD,EA+CpD,UAAUD,IAAV,EAAgBC,MAAhB,EAAwB;AACtB;AACA;AACAL,SAAOiC,MAAP,CAAc5B,OAAO,UAACO,KAAD,EAAW;AAC9BR,SAAKS,KAAL,CAAWD,KAAX,EAAkBE,SAAlB;AACAV,SAAKS,KAAL,CAAWb,OAAOkC,IAAP,EAAX,EAA0B,IAA1B;AACD,GAHa,CAAd;AAID,CAtDmD,EAuDpD,UAAU9B,IAAV,EAAgBC,MAAhB,EAAwB;AACtBP,WAAS8C,WAAT,CAAqBhD,gBAArB,EACqByC,SAASjC,IAAT,EAAeC,MAAf,CADrB;AAED,CA1DmD,EA2DpD,UAAUD,IAAV,EAAgBC,MAAhB,EAAwB;AACtBD,OAAKS,KAAL,CAAWb,OAAOkC,IAAP,GAAcK,MAAd,CAAqB,CAArB,EAAwBC,OAAnC,EAA4C,KAAKF,YAAjD;AACAlC,OAAKuB,MAAL,CAAY3B,OAAOkC,IAAP,GAAcK,MAAd,CAAqB,CAArB,EAAwBE,QAApC;AACD,CA9DmD,EA+DpD,UAAUrC,IAAV,EAAgBC,MAAhB,EAAwB;AACtBL,SAAOiC,MAAP,CAAc5B,OAAO,UAACO,KAAD,EAAW;AAC9BR,SAAKS,KAAL,CAAWD,KAAX,EAAkBE,SAAlB;AACAV,SAAKS,KAAL,CAAWb,OAAOkC,IAAP,EAAX,EAA0B,IAA1B;AACD,GAHa,CAAd;AAID,CApEmD,CAAtD;;AAuEA,IAAIW,wBAAwB,UAAUpC,KAAV,EAAiBL,IAAjB,EAAuBC,MAAvB,EAA+B;AACzDP,WAASmB,UAAT,CAAoBF,IAApB,CACE,sBADF,EAC0BN,KAD1B,EACiCJ,OAAO,UAACO,KAAD,EAAQM,MAAR,EAAmB;AACvDd,SAAKS,KAAL,CAAWD,KAAX,EAAkBE,SAAlB;AACAV,SAAKe,QAAL,CAAcD,MAAd,EAAsBJ,SAAtB;AACAV,SAAKS,KAAL,CAAWK,OAAOE,MAAlB,EAA0B,CAA1B;AACA,QAAIC,UAAUH,OAAO,CAAP,CAAd;AAEA,QAAII,KAAK,IAAIC,MAAJ,CAAWvB,OAAOwB,WAAP,KAAuB,yBAAlC,CAAT;AACA,QAAIC,QAAQJ,QAAQK,IAAR,CAAaD,KAAb,CAAmBH,EAAnB,CAAZ;AACAlB,SAAKuB,MAAL,CAAYF,KAAZ;AACA5B,yBAAqB4B,MAAM,CAAN,CAArB;AACArB,SAAKuB,MAAL,CAAYN,QAAQO,IAAR,CAAaH,KAAb,CAAmBH,EAAnB,CAAZ;AAEAlB,SAAKS,KAAL,CAAWQ,QAAQQ,IAAnB,EAAyB,iBAAzB;AACAzB,SAAKS,KAAL,CAAWQ,QAAQS,OAAR,CAAgB,kBAAhB,CAAX,EAAgD,MAAhD;AACD,GAd8B,CADjC;AAgBD,CAjBD;;AAmBA3B,eAAe,uCAAf,EAAwD,CACtD,UAAUC,IAAV,EAAgBC,MAAhB,EAAwB;AAAA;;AACtB,OAAKI,KAAL,GAAaF,OAAOC,EAAP,KAAc,wBAA3B;AACAV,WAASmB,UAAT,CAAoBF,IAApB,CAAyB,oBAAzB,EAA+C,KAAKN,KAApD,EACEJ,OAAO,UAACO,KAAD,EAAQM,MAAR,EAAmB;AACxBd,SAAK4B,OAAL,CAAapB,KAAb;AACA,QAAIsB,OAAOhB,MAAX;AACAd,SAAKS,KAAL,CAAWqB,KAAKK,MAAL,CAAYnB,MAAvB,EAA+B,CAA/B;AACAhB,SAAKS,KAAL,CAAWqB,KAAKK,MAAL,CAAY,CAAZ,EAAeC,OAA1B,EAAmC,OAAK/B,KAAxC;AACAL,SAAK4B,OAAL,CAAaE,KAAKK,MAAL,CAAY,CAAZ,EAAeE,QAA5B;AACD,GAND,CADF;AAQD,CAXqD,EAYtD,UAAUrC,IAAV,EAAgBC,MAAhB,EAAwB;AACtBwC,wBAAsB,KAAKpC,KAA3B,EAAkCL,IAAlC,EAAwCC,MAAxC;AACD,CAdqD,EAetD,UAAUD,IAAV,EAAgBC,MAAhB,EAAwB;AACtBP,WAASiC,aAAT,CAAuBlC,kBAAvB,EAA2C,UAA3C,EACuBwC,SAASjC,IAAT,EAAeC,MAAf,CADvB;AAED,CAlBqD,EAmBtD,UAAUD,IAAV,EAAgBC,MAAhB,EAAwB;AACtBD,OAAKS,KAAL,CAAWb,OAAOkC,IAAP,GAAcK,MAAd,CAAqBnB,MAAhC,EAAwC,CAAxC;AACAhB,OAAKS,KAAL,CAAWb,OAAOkC,IAAP,GAAcK,MAAd,CAAqB,CAArB,EAAwBC,OAAnC,EAA4C,KAAK/B,KAAjD;AACAL,OAAKuB,MAAL,CAAY3B,OAAOkC,IAAP,GAAcK,MAAd,CAAqB,CAArB,EAAwBE,QAApC;AACD,CAvBqD,EAwBtD,UAAUrC,IAAV,EAAgBC,MAAhB,EAAwB;AACtBL,SAAOiC,MAAP,CAAc5B,OAAO,UAACO,KAAD,EAAW;AAC9BR,SAAKS,KAAL,CAAWD,KAAX,EAAkBE,SAAlB;AACAV,SAAKS,KAAL,CAAWb,OAAOkC,IAAP,EAAX,EAA0B,IAA1B;AACD,GAHa,CAAd;AAID,CA7BqD,EA8BtD,UAAU9B,IAAV,EAAgBC,MAAhB,EAAwB;AACtBL,SAAOmC,iBAAP,CAAyB;AAAC1B,WAAO,KAAKA;AAAb,GAAzB,EAA8C,UAA9C,EACyB4B,SAASjC,IAAT,EAAeC,MAAf,CADzB;AAED,CAjCqD,EAkCtD,UAAUD,IAAV,EAAgBC,MAAhB,EAAwB;AACtBD,OAAKS,KAAL,CAAWb,OAAOkC,IAAP,GAAcK,MAAd,CAAqBnB,MAAhC,EAAwC,CAAxC;AACAhB,OAAKS,KAAL,CAAWb,OAAOkC,IAAP,GAAcK,MAAd,CAAqB,CAArB,EAAwBC,OAAnC,EAA4C,KAAK/B,KAAjD;AACAL,OAAKuB,MAAL,CAAY3B,OAAOkC,IAAP,GAAcK,MAAd,CAAqB,CAArB,EAAwBE,QAApC;AACD,CAtCqD,EAuCtD,UAAUrC,IAAV,EAAgBC,MAAhB,EAAwB;AACtBL,SAAOiC,MAAP,CAAc5B,OAAO,UAACO,KAAD,EAAW;AAC9BR,SAAKS,KAAL,CAAWD,KAAX,EAAkBE,SAAlB;AACAV,SAAKS,KAAL,CAAWb,OAAOkC,IAAP,EAAX,EAA0B,IAA1B;AACD,GAHa,CAAd;AAID,CA5CqD,CAAxD","file":"/packages/accounts-password/email_tests.js.map","sourcesContent":["var resetPasswordToken;\nvar verifyEmailToken;\nvar enrollAccountToken;\n\nAccounts._isolateLoginTokenForTest();\n\nif (Meteor.isServer) {\n  Accounts.removeDefaultRateLimit();\n}\n\ntestAsyncMulti(\"accounts emails - reset password flow\", [\n  function (test, expect) {\n    this.randomSuffix = Random.id();\n    this.email = \"Ada-intercept@example.com\" + this.randomSuffix;\n    // Create the user with another email and add the tested for email later,\n    // so we can test whether forgotPassword respects the passed in email\n    Accounts.createUser({email: \"another@example.com\" + this.randomSuffix, password: 'foobar'},\n      expect((error) => {\n        test.equal(error, undefined);\n        Meteor.call(\"addEmailForTestAndVerify\", this.email);\n      }));\n  },\n  function (test, expect) {\n    Accounts.forgotPassword({email: this.email}, expect((error) => {\n      test.equal(error, undefined);\n    }));\n  },\n  function (test, expect) {\n    Accounts.connection.call(\n      \"getInterceptedEmails\", this.email, expect((error, result) => {\n        test.equal(error, undefined);\n        test.notEqual(result, undefined);\n        test.equal(result.length, 2); // the first is the email verification\n        var options = result[1];\n\n        var re = new RegExp(Meteor.absoluteUrl() + \"#/reset-password/(\\\\S*)\");\n        var match = options.text.match(re);\n        test.isTrue(match);\n        resetPasswordToken = match[1];\n        test.isTrue(options.html.match(re));\n\n        test.equal(options.from, 'test@meteor.com');\n        test.equal(options.headers['My-Custom-Header'], 'Cool');\n      }));\n  },\n  function (test, expect) {\n    Accounts.resetPassword(resetPasswordToken, \"newPassword\", expect((error) => {\n      test.isFalse(error);\n    }));\n  },\n  function (test, expect) {\n    Meteor.logout(expect((error) => {\n      test.equal(error, undefined);\n      test.equal(Meteor.user(), null);\n    }));\n  },\n  function (test, expect) {\n    Meteor.loginWithPassword(\n      {email: this.email}, \"newPassword\",\n      expect((error) => {\n        test.isFalse(error);\n      }));\n  },\n  function (test, expect) {\n    Meteor.logout(expect((error) => {\n      test.equal(error, undefined);\n      test.equal(Meteor.user(), null);\n    }));\n  }\n]);\n\ntestAsyncMulti(`accounts emails - \\\nreset password flow with case insensitive email`, [\n  function (test, expect) {\n    this.randomSuffix = Random.id();\n    this.email = \"Ada-intercept@example.com\" + this.randomSuffix;\n    // Create the user with another email and add the tested for email later,\n    // so we can test whether forgotPassword respects the passed in email\n    Accounts.createUser({email: \"another@example.com\" + this.randomSuffix, password: 'foobar'},\n      expect((error) => {\n        test.equal(error, undefined);\n        Meteor.call(\"addEmailForTestAndVerify\", this.email);\n      }));\n  },\n  function (test, expect) {\n    Accounts.forgotPassword({email: \"ada-intercept@example.com\" + this.randomSuffix}, expect((error) => {\n      test.equal(error, undefined);\n    }));\n  },\n  function (test, expect) {\n    Accounts.connection.call(\n      \"getInterceptedEmails\", this.email, expect((error, result) => {\n        test.equal(error, undefined);\n        test.notEqual(result, undefined);\n        test.equal(result.length, 2); // the first is the email verification\n        var options = result[1];\n\n        var re = new RegExp(Meteor.absoluteUrl() + \"#/reset-password/(\\\\S*)\");\n        var match = options.text.match(re);\n        test.isTrue(match);\n        resetPasswordToken = match[1];\n        test.isTrue(options.html.match(re));\n\n        test.equal(options.from, 'test@meteor.com');\n        test.equal(options.headers['My-Custom-Header'], 'Cool');\n      }));\n  },\n  function (test, expect) {\n    Accounts.resetPassword(resetPasswordToken, \"newPassword\", expect((error) => {\n      test.isFalse(error);\n    }));\n  },\n  function (test, expect) {\n    Meteor.logout(expect((error) => {\n      test.equal(error, undefined);\n      test.equal(Meteor.user(), null);\n    }));\n  },\n  function (test, expect) {\n    Meteor.loginWithPassword(\n      {email: this.email}, \"newPassword\",\n      expect((error) => {\n        test.isFalse(error);\n      }));\n  },\n  function (test, expect) {\n    Meteor.logout(expect((error) => {\n      test.equal(error, undefined);\n      test.equal(Meteor.user(), null);\n    }));\n  }\n]);\n\nvar getVerifyEmailToken = function (email, test, expect) {\n  Accounts.connection.call(\n    \"getInterceptedEmails\", email, expect((error, result) => {\n      test.equal(error, undefined);\n      test.notEqual(result, undefined);\n      test.equal(result.length, 1);\n      var options = result[0];\n\n      var re = new RegExp(Meteor.absoluteUrl() + \"#/verify-email/(\\\\S*)\");\n      var match = options.text.match(re);\n      test.isTrue(match);\n      verifyEmailToken = match[1];\n      test.isTrue(options.html.match(re));\n\n      test.equal(options.from, 'test@meteor.com');\n      test.equal(options.headers['My-Custom-Header'], 'Cool');\n    }));\n};\n\nvar loggedIn = function (test, expect) {\n  return expect((error) => {\n    test.equal(error, undefined);\n    test.isTrue(Meteor.user());\n  });\n};\n\ntestAsyncMulti(\"accounts emails - verify email flow\", [\n  function (test, expect) {\n    this.email = Random.id() + \"-intercept@example.com\";\n    this.anotherEmail = Random.id() + \"-intercept@example.com\";\n    Accounts.createUser(\n      {email: this.email, password: 'foobar'},\n      loggedIn(test, expect));\n  },\n  function (test, expect) {\n    test.equal(Meteor.user().emails.length, 1);\n    test.equal(Meteor.user().emails[0].address, this.email);\n    test.isFalse(Meteor.user().emails[0].verified);\n    // We should NOT be publishing things like verification tokens!\n    test.isFalse(_.has(Meteor.user(), 'services'));\n  },\n  function (test, expect) {\n    getVerifyEmailToken(this.email, test, expect);\n  },\n  function (test, expect) {\n    // Log out, to test that verifyEmail logs us back in.\n    Meteor.logout(expect((error) => {\n      test.equal(error, undefined);\n      test.equal(Meteor.user(), null);\n    }));\n  },\n  function (test, expect) {\n    Accounts.verifyEmail(verifyEmailToken,\n                         loggedIn(test, expect));\n  },\n  function (test, expect) {\n    test.equal(Meteor.user().emails.length, 1);\n    test.equal(Meteor.user().emails[0].address, this.email);\n    test.isTrue(Meteor.user().emails[0].verified);\n  },\n  function (test, expect) {\n    Accounts.connection.call(\n      \"addEmailForTestAndVerify\", this.anotherEmail,\n      expect((error, result) => {\n        test.isFalse(error);\n        test.equal(Meteor.user().emails.length, 2);\n        test.equal(Meteor.user().emails[1].address, this.anotherEmail);\n        test.isFalse(Meteor.user().emails[1].verified);\n      }));\n  },\n  function (test, expect) {\n    getVerifyEmailToken(this.anotherEmail, test, expect);\n  },\n  function (test, expect) {\n    // Log out, to test that verifyEmail logs us back in. (And if we don't\n    // do that, waitUntilLoggedIn won't be able to prevent race conditions.)\n    Meteor.logout(expect((error) => {\n      test.equal(error, undefined);\n      test.equal(Meteor.user(), null);\n    }));\n  },\n  function (test, expect) {\n    Accounts.verifyEmail(verifyEmailToken,\n                         loggedIn(test, expect));\n  },\n  function (test, expect) {\n    test.equal(Meteor.user().emails[1].address, this.anotherEmail);\n    test.isTrue(Meteor.user().emails[1].verified);\n  },\n  function (test, expect) {\n    Meteor.logout(expect((error) => {\n      test.equal(error, undefined);\n      test.equal(Meteor.user(), null);\n    }));\n  }\n]);\n\nvar getEnrollAccountToken = function (email, test, expect) {\n  Accounts.connection.call(\n    \"getInterceptedEmails\", email, expect((error, result) => {\n      test.equal(error, undefined);\n      test.notEqual(result, undefined);\n      test.equal(result.length, 1);\n      var options = result[0];\n\n      var re = new RegExp(Meteor.absoluteUrl() + \"#/enroll-account/(\\\\S*)\")\n      var match = options.text.match(re);\n      test.isTrue(match);\n      enrollAccountToken = match[1];\n      test.isTrue(options.html.match(re));\n\n      test.equal(options.from, 'test@meteor.com');\n      test.equal(options.headers['My-Custom-Header'], 'Cool');\n    }));\n};\n\ntestAsyncMulti(\"accounts emails - enroll account flow\", [\n  function (test, expect) {\n    this.email = Random.id() + \"-intercept@example.com\";\n    Accounts.connection.call(\"createUserOnServer\", this.email,\n      expect((error, result) => {\n        test.isFalse(error);\n        var user = result;\n        test.equal(user.emails.length, 1);\n        test.equal(user.emails[0].address, this.email);\n        test.isFalse(user.emails[0].verified);\n      }));\n  },\n  function (test, expect) {\n    getEnrollAccountToken(this.email, test, expect);\n  },\n  function (test, expect) {\n    Accounts.resetPassword(enrollAccountToken, 'password',\n                           loggedIn(test, expect));\n  },\n  function (test, expect) {\n    test.equal(Meteor.user().emails.length, 1);\n    test.equal(Meteor.user().emails[0].address, this.email);\n    test.isTrue(Meteor.user().emails[0].verified);\n  },\n  function (test, expect) {\n    Meteor.logout(expect((error) => {\n      test.equal(error, undefined);\n      test.equal(Meteor.user(), null);\n    }));\n  },\n  function (test, expect) {\n    Meteor.loginWithPassword({email: this.email}, 'password',\n                             loggedIn(test ,expect));\n  },\n  function (test, expect) {\n    test.equal(Meteor.user().emails.length, 1);\n    test.equal(Meteor.user().emails[0].address, this.email);\n    test.isTrue(Meteor.user().emails[0].verified);\n  },\n  function (test, expect) {\n    Meteor.logout(expect((error) => {\n      test.equal(error, undefined);\n      test.equal(Meteor.user(), null);\n    }));\n  }\n]);\n"]},"hash":"5d61e40d5d2f4b1ce085fa8e4ca4275878dc6b34"}
