{"metadata":{"usedHelpers":[],"marked":[],"modules":{"imports":[],"exports":{"exported":[],"specifiers":[]}}},"options":{"filename":"/packages/accounts-base/client_tests.js","filenameRelative":"/packages/accounts-base/client_tests.js","env":{"development":{"plugins":[]}},"retainLines":false,"highlightCode":true,"suppressDeprecationMessages":false,"presets":[],"plugins":[[[],{"polyfill":false}],[[],null],[[],null],[[],{"allowTopLevelThis":true,"strict":false,"loose":true}],[[],null],[[],null],[[],null],[[],null],[[],null],[[],null],[[],null],[[],null],[[],null],[[],null],[[],null],[[],null],[[],null],[[],{"loose":true}],[[],{"loose":true}],[[],null],[[],{"loose":true}],[[],null],[[],null],[[],null],[[],null],[[],null],[[],null],[[],{"loose":true}],[[],null],[[],null],[[],null],[[],null],[[],null],[[],null],[[],null]],"ignore":[],"code":true,"metadata":true,"ast":false,"comments":true,"compact":false,"minified":false,"sourceMap":true,"sourceMaps":true,"sourceMapTarget":"/packages/accounts-base/client_tests.js.map","sourceFileName":"/packages/accounts-base/client_tests.js","babelrc":false,"sourceType":"module","moduleIds":false,"passPerPreset":false,"parserOpts":false,"generatorOpts":false,"basename":"client_tests"},"ignored":false,"code":"module.import(\"./accounts_url_tests.js\");\nmodule.import(\"./accounts_reconnect_tests.js\");\nmodule.import(\"./accounts_client_tests.js\");","ast":null,"map":{"version":3,"sources":["/packages/accounts-base/client_tests.js"],"names":["module","import"],"mappings":"AAAAA,OAAOC,MAAP,CAAc,yBAAd;AAAyCD,OAAOC,MAAP,CAAc,+BAAd;AAA+CD,OAAOC,MAAP,CAAc,4BAAd","file":"/packages/accounts-base/client_tests.js.map","sourcesContent":["import \"./accounts_url_tests.js\";\nimport \"./accounts_reconnect_tests.js\";\nimport \"./accounts_client_tests.js\";\n"]},"hash":"a89936f20a601d6867ba1b724d6a4686446d72cb"}
