{"metadata":{"usedHelpers":[],"marked":[],"modules":{"imports":[],"exports":{"exported":[],"specifiers":[]}}},"options":{"filename":"/packages/accounts-base/accounts_tests_setup.js","filenameRelative":"/packages/accounts-base/accounts_tests_setup.js","env":{"development":{"plugins":[]}},"retainLines":false,"highlightCode":true,"suppressDeprecationMessages":false,"presets":[],"plugins":[[[],{"polyfill":false}],[[],null],[[],null],[[],{"allowTopLevelThis":true,"strict":false,"loose":true}],[[],null],[[],null],[[],null],[[],null],[[],null],[[],null],[[],null],[[],null],[[],null],[[],null],[[],null],[[],null],[[],null],[[],{"loose":true}],[[],{"loose":true}],[[],null],[[],{"loose":true}],[[],null],[[],null],[[],null],[[],null],[[],null],[[],null],[[],{"loose":true}],[[],null],[[],null],[[],null],[[],null],[[],null],[[],null],[[],null]],"ignore":[],"code":true,"metadata":true,"ast":false,"comments":true,"compact":false,"minified":false,"sourceMap":true,"sourceMaps":true,"sourceMapTarget":"/packages/accounts-base/accounts_tests_setup.js.map","sourceFileName":"/packages/accounts-base/accounts_tests_setup.js","babelrc":false,"sourceType":"module","moduleIds":false,"passPerPreset":false,"parserOpts":false,"generatorOpts":false,"basename":"accounts_tests_setup"},"ignored":false,"code":"Meteor.methods({\n  removeAccountsTestUser: function (username) {\n    Meteor.users.remove({\n      username: username\n    });\n  }\n});","ast":null,"map":{"version":3,"sources":["/packages/accounts-base/accounts_tests_setup.js"],"names":["Meteor","methods","removeAccountsTestUser","username","users","remove"],"mappings":"AAAAA,OAAOC,OAAP,CAAe;AACbC,wBADa,YACUC,QADV,EACoB;AAC/BH,WAAOI,KAAP,CAAaC,MAAb,CAAoB;AAAEF;AAAF,KAApB;AACD;AAHY,CAAf","file":"/packages/accounts-base/accounts_tests_setup.js.map","sourcesContent":["Meteor.methods({\n  removeAccountsTestUser(username) {\n    Meteor.users.remove({ username });\n  },\n});\n"]},"hash":"65ceedc2aa19c6593194e35a1619e0af9c4065bc"}
