{"metadata":{"usedHelpers":[],"marked":[],"modules":{"imports":[],"exports":{"exported":[],"specifiers":[]}}},"options":{"filename":"/packages/accounts-base/server_tests.js","filenameRelative":"/packages/accounts-base/server_tests.js","env":{"development":{"plugins":[]}},"retainLines":false,"highlightCode":true,"suppressDeprecationMessages":false,"presets":[],"plugins":[[[],{"polyfill":false}],[[],null],[[],null],[[],{"allowTopLevelThis":true,"strict":false,"loose":true}],[[],null],[[],null],[[],null],[[],null],[[],null],[[],null],[[],null],[[],null],[[],null],[[],null],[[],null],[[],null],[[],null],[[],{"loose":true}],[[],{"loose":true}],[[],null],[[],{"loose":true}],[[],null],[[],null],[[],null],[[],null],[[],null],[[],null],[[],{"loose":true}],[[],null],[[],null],[[],null],[[],null],[[],null],[[],null],[[],null]],"ignore":[],"code":true,"metadata":true,"ast":false,"comments":true,"compact":false,"minified":false,"sourceMap":true,"sourceMaps":true,"sourceMapTarget":"/packages/accounts-base/server_tests.js.map","sourceFileName":"/packages/accounts-base/server_tests.js","babelrc":false,"sourceType":"module","moduleIds":false,"passPerPreset":false,"parserOpts":false,"generatorOpts":false,"basename":"server_tests"},"ignored":false,"code":"module.import(\"./accounts_tests.js\");\nmodule.import(\"./accounts_reconnect_tests.js\");","ast":null,"map":{"version":3,"sources":["/packages/accounts-base/server_tests.js"],"names":["module","import"],"mappings":"AAAAA,OAAOC,MAAP,CAAc,qBAAd;AAAqCD,OAAOC,MAAP,CAAc,+BAAd","file":"/packages/accounts-base/server_tests.js.map","sourcesContent":["import \"./accounts_tests.js\";\nimport \"./accounts_reconnect_tests.js\";\n"]},"hash":"8da6790700cda0c1101bcb215270fd7a0ecae213"}
