{"metadata":{"usedHelpers":[],"marked":[],"modules":{"imports":[],"exports":{"exported":[],"specifiers":[]}}},"options":{"filename":"/lib/collections.js","filenameRelative":"/lib/collections.js","env":{"development":{"plugins":[]}},"retainLines":false,"highlightCode":true,"suppressDeprecationMessages":false,"presets":[],"plugins":[[[],{"polyfill":false}],[[],null],[[],null],[[],{"allowTopLevelThis":true,"strict":false,"loose":true}],[[],null],[[],null],[[],null],[[],null],[[],null],[[],null],[[],null],[[],null],[[],null],[[],null],[[],null],[[],null],[[],null],[[],{"loose":true}],[[],{"loose":true}],[[],null],[[],{"loose":true}],[[],null],[[],null],[[],null],[[],null],[[],null],[[],null],[[],{"loose":true}],[[],null],[[],null],[[],null],[[],null],[[],null],[[],null],[[],null]],"ignore":[],"code":true,"metadata":true,"ast":false,"comments":true,"compact":false,"minified":false,"sourceMap":true,"sourceMaps":true,"sourceMapTarget":"/lib/collections.js.map","sourceFileName":"/lib/collections.js","babelrc":false,"sourceType":"module","moduleIds":false,"passPerPreset":false,"parserOpts":false,"generatorOpts":false,"basename":"collections"},"ignored":false,"code":"var Mongo = void 0;\nmodule.import('meteor/mongo', {\n  \"Mongo\": function (v) {\n    Mongo = v;\n  }\n}, 0);\nTodos = new Mongo.Collection('todos');","ast":null,"map":{"version":3,"sources":["/lib/collections.js"],"names":["Mongo","module","import","v","Todos","Collection"],"mappings":"AAAA,IAAIA,cAAJ;AAAUC,OAAOC,MAAP,CAAc,cAAd,EAA6B;AAAC,WAAQ,UAASC,CAAT,EAAW;AAACH,YAAMG,CAAN;AAAQ;AAA7B,CAA7B,EAA4D,CAA5D;AAEVC,QAAQ,IAAIJ,MAAMK,UAAV,CAAqB,OAArB,CAAR","file":"/lib/collections.js.map","sourcesContent":["import {Mongo} from 'meteor/mongo';\r\n\r\nTodos = new Mongo.Collection('todos');\r\n"]},"hash":"ab4b6c84edae72208c661f75b17c3af156dbaa8e"}
