{"metadata":{"usedHelpers":[],"marked":[],"modules":{"imports":[],"exports":{"exported":[],"specifiers":[]}}},"options":{"filename":"/client/main.js","filenameRelative":"/client/main.js","env":{"development":{"plugins":[]}},"retainLines":false,"highlightCode":true,"suppressDeprecationMessages":false,"presets":[],"plugins":[[[],{"polyfill":false}],[[],null],[[],null],[[],{"allowTopLevelThis":true,"strict":false,"loose":true}],[[],null],[[],null],[[],null],[[],null],[[],null],[[],null],[[],null],[[],null],[[],null],[[],null],[[],null],[[],null],[[],null],[[],{"loose":true}],[[],{"loose":true}],[[],null],[[],{"loose":true}],[[],null],[[],null],[[],null],[[],null],[[],null],[[],null],[[],{"loose":true}],[[],null],[[],null],[[],null],[[],null],[[],null],[[],null],[[],null]],"ignore":[],"code":true,"metadata":true,"ast":false,"comments":true,"compact":false,"minified":false,"sourceMap":true,"sourceMaps":true,"sourceMapTarget":"/client/main.js.map","sourceFileName":"/client/main.js","babelrc":false,"sourceType":"module","moduleIds":false,"passPerPreset":false,"parserOpts":false,"generatorOpts":false,"basename":"main"},"ignored":false,"code":"var Template = void 0;\nmodule.import('meteor/templating', {\n  \"Template\": function (v) {\n    Template = v;\n  }\n}, 0);\nTemplate.main.helpers({\n  title: function () {\n    return 'QuckTodos';\n  },\n  todos: function () {\n    var todos = Todos.find();\n    return todos;\n  }\n});\nTemplate.main.events({\n  'submit .add-todo': function (event) {\n    event.preventDefault();\n    var text = event.target.text.value;\n    var time = event.target.time.value;\n    Todos.insert({\n      text: text,\n      time: time\n    });\n    event.target.text.value = '';\n    event.target.time.value = '';\n  }\n});\nTemplate.task.events({\n  'click .toggle-checked': function (event) {\n    Todos.update(this._id, {\n      $set: {\n        checked: !this.checked\n      }\n    });\n  }\n});","ast":null,"map":{"version":3,"sources":["/client/main.js"],"names":["Template","module","import","v","main","helpers","title","todos","Todos","find","events","event","preventDefault","text","target","value","time","insert","task","update","_id","$set","checked"],"mappings":"AAAA,IAAIA,iBAAJ;AAAaC,OAAOC,MAAP,CAAc,mBAAd,EAAkC;AAAC,cAAW,UAASC,CAAT,EAAW;AAACH,eAASG,CAAT;AAAW;AAAnC,CAAlC,EAAuE,CAAvE;AAEbH,SAASI,IAAT,CAAcC,OAAd,CAAsB;AACpBC,OADoB,cACb;AACL,WAAO,WAAP;AACD,GAHmB;AAIpBC,OAJoB,cAIb;AACL,QAAMA,QAAQC,MAAMC,IAAN,EAAd;AACA,WAAOF,KAAP;AACD;AAPmB,CAAtB;AAUAP,SAASI,IAAT,CAAcM,MAAd,CAAqB;AACnB,oBADmB,YACAC,KADA,EACM;AACvBA,UAAMC,cAAN;AAEA,QAAMC,OAAOF,MAAMG,MAAN,CAAaD,IAAb,CAAkBE,KAA/B;AACA,QAAMC,OAAOL,MAAMG,MAAN,CAAaE,IAAb,CAAkBD,KAA/B;AAEAP,UAAMS,MAAN,CAAa;AACXJ,gBADW;AAEXG;AAFW,KAAb;AAKAL,UAAMG,MAAN,CAAaD,IAAb,CAAkBE,KAAlB,GAA0B,EAA1B;AACAJ,UAAMG,MAAN,CAAaE,IAAb,CAAkBD,KAAlB,GAA0B,EAA1B;AACD;AAdkB,CAArB;AAiBAf,SAASkB,IAAT,CAAcR,MAAd,CAAqB;AACnB,yBADmB,YACKC,KADL,EACW;AAC5BH,UAAMW,MAAN,CAAa,KAAKC,GAAlB,EAAuB;AACrBC,YAAK;AAACC,iBAAS,CAAC,KAAKA;AAAhB;AADgB,KAAvB;AAGD;AALkB,CAArB","file":"/client/main.js.map","sourcesContent":["import { Template } from 'meteor/templating';\n\nTemplate.main.helpers({\n  title(){\n    return 'QuckTodos';\n  },\n  todos(){\n    const todos = Todos.find();\n    return todos;\n  }\n});\n\nTemplate.main.events({\n  'submit .add-todo'(event){\n    event.preventDefault();\n\n    const text = event.target.text.value;\n    const time = event.target.time.value;\n\n    Todos.insert({\n      text,\n      time\n    });\n\n    event.target.text.value = '';\n    event.target.time.value = '';\n  }\n});\n\nTemplate.task.events({\n  'click .toggle-checked'(event){\n    Todos.update(this._id, {\n      $set:{checked: !this.checked}\n    });\n  }\n});\n"]},"hash":"be258bdb6acf65d4fb109f8600e25b8699ecb8fe"}
