{"metadata":{"usedHelpers":[],"marked":[],"modules":{"imports":[],"exports":{"exported":[],"specifiers":[]}}},"options":{"filename":"/client/main.js","filenameRelative":"/client/main.js","env":{"development":{"plugins":[]}},"retainLines":false,"highlightCode":true,"suppressDeprecationMessages":false,"presets":[],"plugins":[[[],{"polyfill":false}],[[],null],[[],null],[[],{"allowTopLevelThis":true,"strict":false,"loose":true}],[[],null],[[],null],[[],null],[[],null],[[],null],[[],null],[[],null],[[],null],[[],null],[[],null],[[],null],[[],null],[[],null],[[],{"loose":true}],[[],{"loose":true}],[[],null],[[],{"loose":true}],[[],null],[[],null],[[],null],[[],null],[[],null],[[],null],[[],{"loose":true}],[[],null],[[],null],[[],null],[[],null],[[],null],[[],null],[[],null]],"ignore":[],"code":true,"metadata":true,"ast":false,"comments":true,"compact":false,"minified":false,"sourceMap":true,"sourceMaps":true,"sourceMapTarget":"/client/main.js.map","sourceFileName":"/client/main.js","babelrc":false,"sourceType":"module","moduleIds":false,"passPerPreset":false,"parserOpts":false,"generatorOpts":false,"basename":"main"},"ignored":false,"code":"var Template = void 0;\nmodule.import('meteor/templating', {\n  \"Template\": function (v) {\n    Template = v;\n  }\n}, 0);\nvar tasks = [{\n  text: 'Pickup kids from school'\n}, {\n  text: 'Go food shopping'\n}, {\n  text: 'Meeting with boss'\n}];\nTemplate.main.helpers({\n  title: function () {\n    return 'QuckTodos';\n  },\n  tasks: function () {\n    return tasks;\n  }\n});","ast":null,"map":{"version":3,"sources":["/client/main.js"],"names":["Template","module","import","v","tasks","text","main","helpers","title"],"mappings":"AAAA,IAAIA,iBAAJ;AAAaC,OAAOC,MAAP,CAAc,mBAAd,EAAkC;AAAC,cAAW,UAASC,CAAT,EAAW;AAACH,eAASG,CAAT;AAAW;AAAnC,CAAlC,EAAuE,CAAvE;AAEb,IAAMC,QAAQ,CACZ;AAACC,QAAK;AAAN,CADY,EAEZ;AAACA,QAAK;AAAN,CAFY,EAGZ;AAACA,QAAK;AAAN,CAHY,CAAd;AAMAL,SAASM,IAAT,CAAcC,OAAd,CAAsB;AACpBC,OADoB,cACb;AACL,WAAO,WAAP;AACD,GAHmB;AAIpBJ,OAJoB,cAIb;AACL,WAAOA,KAAP;AACD;AANmB,CAAtB","file":"/client/main.js.map","sourcesContent":["import { Template } from 'meteor/templating';\n\nconst tasks = [\n  {text:'Pickup kids from school'},\n  {text:'Go food shopping'},\n  {text:'Meeting with boss'}\n];\n\nTemplate.main.helpers({\n  title(){\n    return 'QuckTodos';\n  },\n  tasks(){\n    return tasks;\n  }\n});\n"]},"hash":"bee45267156bfbe2a11aff70978c363cb0958d4f"}
