{"metadata":{"usedHelpers":[],"marked":[],"modules":{"imports":[],"exports":{"exported":[],"specifiers":[]}}},"options":{"filename":"/server/main.js","filenameRelative":"/server/main.js","env":{"development":{"plugins":[]}},"retainLines":false,"highlightCode":true,"suppressDeprecationMessages":false,"presets":[],"plugins":[[[],{"polyfill":false}],[[],null],[[],null],[[],{"allowTopLevelThis":true,"strict":false,"loose":true}],[[],null],[[],null],[[],null],[[],null],[[],null],[[],null],[[],null],[[],null],[[],null],[[],null],[[],null],[[],null],[[],null],[[],{"loose":true}],[[],{"loose":true}],[[],null],[[],{"loose":true}],[[],null],[[],null],[[],null],[[],null],[[],null],[[],null],[[],{"loose":true}],[[],null],[[],null],[[],null],[[],null],[[],null],[[],null],[[],null]],"ignore":[],"code":true,"metadata":true,"ast":false,"comments":true,"compact":false,"minified":false,"sourceMap":true,"sourceMaps":true,"sourceMapTarget":"/server/main.js.map","sourceFileName":"/server/main.js","babelrc":false,"sourceType":"module","moduleIds":false,"passPerPreset":false,"parserOpts":false,"generatorOpts":false,"basename":"main"},"ignored":false,"code":"var Meteor = void 0;\nmodule.import('meteor/meteor', {\n  \"Meteor\": function (v) {\n    Meteor = v;\n  }\n}, 0);\nMeteor.publish('todos', function () {\n  function todoPublication() {\n    return Todos.find({\n      $or: [{\n        \"private\": {\n          $ne: true\n        }\n      }, {\n        owner: this.userId\n      }]\n    });\n  }\n\n  return todoPublication;\n}());\nMeteor.methods({\n  'todos.insert': function (text, time) {\n    if (!this.userId) {\n      throw new Meteor.Error('not-authorized');\n    }\n\n    Todos.insert({\n      text: text,\n      time: time,\n      owner: Meteor.userId(),\n      username: Meteor.user().username\n    });\n  },\n  'todos.setChecked': function (id, setChecked) {\n    Todos.update(id, {\n      $set: {\n        checked: setChecked\n      }\n    });\n  },\n  'todos.remove': function (id) {\n    Todos.remove(id);\n  },\n  'todos.setPrivate': function (id, setToPrivate) {\n    var todo = Todos.findOne(id);\n\n    if (todo.owner !== this.userId) {\n      throw new Meteor.Error('Unauthorized');\n    }\n\n    Todos.update(id, {\n      $set: {\n        \"private\": setToPrivate\n      }\n    });\n  }\n});","ast":null,"map":{"version":3,"sources":["/server/main.js"],"names":["Meteor","module","import","v","publish","todoPublication","Todos","find","$or","$ne","owner","userId","methods","text","time","Error","insert","username","user","id","setChecked","update","$set","checked","remove","setToPrivate","todo","findOne"],"mappings":"AAAA,IAAIA,eAAJ;AAAWC,OAAOC,MAAP,CAAc,eAAd,EAA8B;AAAC,YAAS,UAASC,CAAT,EAAW;AAACH,aAAOG,CAAP;AAAS;AAA/B,CAA9B,EAA+D,CAA/D;AAEXH,OAAOI,OAAP,CAAe,OAAf;AAAwB,WAASC,eAAT,GAA0B;AAChD,WAAOC,MAAMC,IAAN,CAAW;AAChBC,WAAK,CACH;AAAC,mBAAQ;AAACC,eAAK;AAAN;AAAT,OADG,EAEH;AAACC,eAAO,KAAKC;AAAb,OAFG;AADW,KAAX,CAAP;AAMD;;AAPD,SAAiCN,eAAjC;AAAA;AASAL,OAAOY,OAAP,CAAe;AACb,gBADa,YACEC,IADF,EACQC,IADR,EACa;AACxB,QAAG,CAAC,KAAKH,MAAT,EAAgB;AACd,YAAM,IAAIX,OAAOe,KAAX,CAAiB,gBAAjB,CAAN;AACD;;AAEDT,UAAMU,MAAN,CAAa;AACXH,gBADW;AAEXC,gBAFW;AAGXJ,aAAOV,OAAOW,MAAP,EAHI;AAIXM,gBAAUjB,OAAOkB,IAAP,GAAcD;AAJb,KAAb;AAMD,GAZY;AAab,oBAba,YAaME,EAbN,EAaUC,UAbV,EAaqB;AAChCd,UAAMe,MAAN,CAAaF,EAAb,EAAiB;AAACG,YAAK;AAACC,iBAASH;AAAV;AAAN,KAAjB;AACD,GAfY;AAgBb,gBAhBa,YAgBED,EAhBF,EAgBK;AAChBb,UAAMkB,MAAN,CAAaL,EAAb;AACD,GAlBY;AAmBb,oBAnBa,YAmBMA,EAnBN,EAmBUM,YAnBV,EAmBuB;AAClC,QAAMC,OAAOpB,MAAMqB,OAAN,CAAcR,EAAd,CAAb;;AAEA,QAAGO,KAAKhB,KAAL,KAAe,KAAKC,MAAvB,EAA8B;AAC5B,YAAM,IAAIX,OAAOe,KAAX,CAAiB,cAAjB,CAAN;AACD;;AAEDT,UAAMe,MAAN,CAAaF,EAAb,EAAiB;AAACG,YAAK;AAAC,mBAASG;AAAV;AAAN,KAAjB;AACD;AA3BY,CAAf","file":"/server/main.js.map","sourcesContent":["import { Meteor } from 'meteor/meteor';\n\nMeteor.publish('todos', function todoPublication(){\n  return Todos.find({\n    $or: [\n      {private:{$ne: true}},\n      {owner: this.userId}\n    ]\n  });\n});\n\nMeteor.methods({\n  'todos.insert'(text, time){\n    if(!this.userId){\n      throw new Meteor.Error('not-authorized');\n    }\n\n    Todos.insert({\n      text,\n      time,\n      owner: Meteor.userId(),\n      username: Meteor.user().username\n    });\n  },\n  'todos.setChecked'(id, setChecked){\n    Todos.update(id, {$set:{checked: setChecked}});\n  },\n  'todos.remove'(id){\n    Todos.remove(id);\n  },\n  'todos.setPrivate'(id, setToPrivate){\n    const todo = Todos.findOne(id);\n\n    if(todo.owner !== this.userId){\n      throw new Meteor.Error('Unauthorized');\n    }\n\n    Todos.update(id, {$set:{private: setToPrivate}});\n  }\n});\n"]},"hash":"39450088366ecd7bfb720e8c94cdb358f7053d32"}
