{"metadata":{"usedHelpers":[],"marked":[],"modules":{"imports":[],"exports":{"exported":[],"specifiers":[]}}},"options":{"filename":"/server/main.js","filenameRelative":"/server/main.js","env":{"development":{"plugins":[]}},"retainLines":false,"highlightCode":true,"suppressDeprecationMessages":false,"presets":[],"plugins":[[[],{"polyfill":false}],[[],null],[[],null],[[],{"allowTopLevelThis":true,"strict":false,"loose":true}],[[],null],[[],null],[[],null],[[],null],[[],null],[[],null],[[],null],[[],null],[[],null],[[],null],[[],null],[[],null],[[],null],[[],{"loose":true}],[[],{"loose":true}],[[],null],[[],{"loose":true}],[[],null],[[],null],[[],null],[[],null],[[],null],[[],null],[[],{"loose":true}],[[],null],[[],null],[[],null],[[],null],[[],null],[[],null],[[],null]],"ignore":[],"code":true,"metadata":true,"ast":false,"comments":true,"compact":false,"minified":false,"sourceMap":true,"sourceMaps":true,"sourceMapTarget":"/server/main.js.map","sourceFileName":"/server/main.js","babelrc":false,"sourceType":"module","moduleIds":false,"passPerPreset":false,"parserOpts":false,"generatorOpts":false,"basename":"main"},"ignored":false,"code":"var Meteor = void 0;\nmodule.import('meteor/meteor', {\n  \"Meteor\": function (v) {\n    Meteor = v;\n  }\n}, 0);\nMeteor.methods({\n  'todos.insert': function (text, time) {\n    if (!this.userId) {\n      throw new Meteor.Error('not-authorized');\n    }\n\n    Todos.insert({\n      text: text,\n      time: time,\n      owner: Meteor.userId(),\n      username: Meteor.user().username\n    });\n  }\n});","ast":null,"map":{"version":3,"sources":["/server/main.js"],"names":["Meteor","module","import","v","methods","text","time","userId","Error","Todos","insert","owner","username","user"],"mappings":"AAAA,IAAIA,eAAJ;AAAWC,OAAOC,MAAP,CAAc,eAAd,EAA8B;AAAC,YAAS,UAASC,CAAT,EAAW;AAACH,aAAOG,CAAP;AAAS;AAA/B,CAA9B,EAA+D,CAA/D;AAEXH,OAAOI,OAAP,CAAe;AACb,gBADa,YACEC,IADF,EACQC,IADR,EACa;AACxB,QAAG,CAAC,KAAKC,MAAT,EAAgB;AACd,YAAM,IAAIP,OAAOQ,KAAX,CAAiB,gBAAjB,CAAN;AACD;;AAEDC,UAAMC,MAAN,CAAa;AACXL,gBADW;AAEXC,gBAFW;AAGXK,aAAOX,OAAOO,MAAP,EAHI;AAIXK,gBAAUZ,OAAOa,IAAP,GAAcD;AAJb,KAAb;AAMD;AAZY,CAAf","file":"/server/main.js.map","sourcesContent":["import { Meteor } from 'meteor/meteor';\n\nMeteor.methods({\n  'todos.insert'(text, time){\n    if(!this.userId){\n      throw new Meteor.Error('not-authorized');\n    }\n\n    Todos.insert({\n      text,\n      time,\n      owner: Meteor.userId(),\n      username: Meteor.user().username\n    });\n  }\n});\n"]},"hash":"3aa074b1f05652dd1800983f6bfd85bbffeb0a87"}
